Workbook

Sheet Dados
A1: Nº Inscrição | B1: Nome completo | C1: Filho de | D1: E de | E1: B.I. Nº | F1: Cédula Nº | G1: Morada | H1: Província | I1: Município | J1: Estado civil | K1: Telefone | L1: WhatsApp | M1: Contacto Encarregado | N1: Data Nascimento | O1: Idade | P1: Habilitação Literária | Q1: Profissão | R1: Escola/Local Trabalho | S1: Outras Habilidades | T1: Data/Local Investidura | U1: Secção | V1: Bando | W1: Patrulha | X1: Equipe | Y1: Cargo | Z1: Baptizado | AA1: Baptizado - Detalhe | AB1: Doença | AC1: Doença - Qual | AD1: Alergia | AE1: Alergia - Qual | AF1: Deficiência | AG1: Deficiência - Qual | AH1: Termo Aceite | AI1: Data Inscrição
A2: 001/2026 | B2: João Manuel dos Santos | C2: Manuel Santos | D2: Ana Santos | E2: 003456789LA042 | G2: Rua 1, Cimangola | H2: Luanda | I2: Ngola Kiluange | J2: Solteiro | K2: 923000001 | L2: 923000001 | M2: 923000002 | N2: 2012-05-14 | O2: =IF(N2="","",DATEDIF(N2,TODAY(),"y")) -> 14 | P2: 8ª Classe | Q2: Estudante | R2: Escola nº 123 | S2: Futebol | T2: 12/2024 - Luanda | U2: Exploradores | V2: Águia | W2: Falcão | Y2: Guia de Patrulha | Z2: Sim | AB2: Não | AD2: Não | AF2: Não | AH2: Sim | AI2: 2026-08-31
A3: 002/2026 | B3: Maria Fernanda Pedro | C3: José Pedro | D3: Luísa Pedro | E3: 003457890LA043 | G3: Rua 5, Cimangola | H3: Luanda | I3: Ngola Kiluange | J3: Solteiro | K3: 923000003 | L3: 923000003 | M3: 923000004 | N3: 2011-11-02 | O3: =IF(N3="","",DATEDIF(N3,TODAY(),"y")) -> 14 | P3: 9ª Classe | Q3: Estudante | R3: Escola nº 45 | S3: Voleibol | T3: 01/2025 - Luanda | U3: Exploradores | V3: Leão | W3: Pantera | Y3: Escuteiro | Z3: Sim | AB3: Sim | AC3: Asma | AD3: Não | AF3: Não | AH3: Sim | AI3: 2026-08-31
A4: 003/2026 | B4: Pedro Miguel Domingos | C4: Miguel Domingos | D4: Rita Domingos | E4: 003458901LA044 | G4: Rua 8, Cazenga | H4: Luanda | I4: Cazenga | J4: Solteiro | K4: 923000005 | L4: 923000005 | M4: 923000006 | N4: 2009-03-22 | O4: =IF(N4="","",DATEDIF(N4,TODAY(),"y")) -> 17 | P4: 10ª Classe | Q4: Estudante | R4: Escola nº 67 | S4: Xadrez | T4: 05/2023 - Luanda | U4: Pioneiros | V4: - | W4: - | X4: Alfa | Y4: Chefe de Equipe | Z4: Não | AA4: Ainda a decidir | AB4: Não | AD4: Não | AF4: Não | AH4: Sim | AI4: 2026-08-31
O5: =IF(N5="","",DATEDIF(N5,TODAY(),"y"))
O6: =IF(N6="","",DATEDIF(N6,TODAY(),"y"))
O7: =IF(N7="","",DATEDIF(N7,TODAY(),"y"))
O8: =IF(N8="","",DATEDIF(N8,TODAY(),"y"))
O9: =IF(N9="","",DATEDIF(N9,TODAY(),"y"))
O10: =IF(N10="","",DATEDIF(N10,TODAY(),"y"))
O11: =IF(N11="","",DATEDIF(N11,TODAY(),"y"))
O12: =IF(N12="","",DATEDIF(N12,TODAY(),"y"))
O13: =IF(N13="","",DATEDIF(N13,TODAY(),"y"))
O14: =IF(N14="","",DATEDIF(N14,TODAY(),"y"))
O15: =IF(N15="","",DATEDIF(N15,TODAY(),"y"))
O16: =IF(N16="","",DATEDIF(N16,TODAY(),"y"))
... O103: =IF(N103="","",DATEDIF(N103,TODAY(),"y"))
A106: Linhas a amarelo (2-4) são EXEMPLO — substituir/importar os dados reais. Linhas a vermelho-claro indicam escuteiro com doença, alergia ou deficiência registada. Coluna 'Idade' calcula-se automaticamente a partir da Data de Nascimento.

Sheet Dashboard
A1: AGRUPAMENTO Nº296 — SÁBIOS DO ORIENTE
A3: Dashboard de Cadastramento — Actualizado automaticamente a partir da folha 'Dados'
A5: INDICADORES-CHAVE
A7: TOTAL DE INSCRITOS | C7: IDADE MÉDIA | E7: TAXA DE BAPTISMO | G7: COM ALGUMA CONDIÇÃO DE SAÚDE
A8: =COUNTA(Dados!$B$2:$B$103) -> 3 | C8: =ROUND(AVERAGE(Dados!$O$2:$O$103),0) -> 15 | E8: =IFERROR(COUNTIF(Dados!$Z$2:$Z$103,"Sim")/COUNTA(Dados!$B$2:$B$103),0) -> 0.66666667 | G8: =SUMPRODUCT(((Dados!$AB$2:$AB$103="Sim")+(Dados!$AD$2:$AD$103="Sim")+(Dados!$AF$2:$AF$103="Sim"))>0) -> 1
A12: SAÚDE E BEM-ESTAR
A14: Indicador | B14: Total | C14: % do Total
A15: Com Doença Registada | B15: =COUNTIF(Dados!$AB$2:$AB$103,"Sim") -> 1 | C15: =IFERROR(B15/COUNTA(Dados!$B$2:$B$103),0) -> 0.33333333
A16: Com Alergia Registada | B16: =COUNTIF(Dados!$AD$2:$AD$103,"Sim") -> 0 | C16: =IFERROR(B16/COUNTA(Dados!$B$2:$B$103),0) -> 0
A17: Com Deficiência Registada | B17: =COUNTIF(Dados!$AF$2:$AF$103,"Sim") -> 0 | C17: =IFERROR(B17/COUNTA(Dados!$B$2:$B$103),0) -> 0
A19: DISTRIBUIÇÃO POR SECÇÃO E MUNICÍPIO
A21: Secção | B21: Total | D21: Município | E21: Total | G21: FAIXA ETÁRIA
A22: Alcateia | B22: =COUNTIF(Dados!$U$2:$U$103,$A22) -> 0 | D22: Ngola Kiluange | E22: =COUNTIF(Dados!$I$2:$I$103,$D22) -> 2 | G22: Faixa | H22: Total
A23: Exploradores | B23: =COUNTIF(Dados!$U$2:$U$103,$A23) -> 2 | D23: Cazenga | E23: =COUNTIF(Dados!$I$2:$I$103,$D23) -> 1 | G23: 6-10 anos | H23: =COUNTIFS(Dados!$O$2:$O$103,">="&6,Dados!$O$2:$O$103,"<="&10) -> 0
A24: Pioneiros | B24: =COUNTIF(Dados!$U$2:$U$103,$A24) -> 1 | D24: Viana | E24: =COUNTIF(Dados!$I$2:$I$103,$D24) -> 0 | G24: 11-14 anos | H24: =COUNTIFS(Dados!$O$2:$O$103,">="&11,Dados!$O$2:$O$103,"<="&14) -> 2
A25: Caminheiros | B25: =COUNTIF(Dados!$U$2:$U$103,$A25) -> 0 | D25: Kilamba Kiaxi | E25: =COUNTIF(Dados!$I$2:$I$103,$D25) -> 0 | G25: 15-17 anos | H25: =COUNTIFS(Dados!$O$2:$O$103,">="&15,Dados!$O$2:$O$103,"<="&17) -> 1
D26: Talatona | E26: =COUNTIF(Dados!$I$2:$I$103,$D26) -> 0 | G26: 18+ anos | H26: =COUNTIFS(Dados!$O$2:$O$103,">="&18,Dados!$O$2:$O$103,"<="&99) -> 0
A48: Nota: as listas de Secção/Município/Faixa Etária servem de referência — ajustar valores conforme os dados reais introduzidos na folha 'Dados'.

Sheet Ficha Individual
A1: FICHA INDIVIDUAL DO ESCUTEIRO
A4: Selecionar Nome: | B4: João Manuel dos Santos
A6: 1. IDENTIFICAÇÃO
A7: Nº Inscrição | C7: =IFERROR(""&INDEX(Dados!$A:$A,MATCH($B$4,Dados!$B$2:$B$103,0)+1),"") -> 001/2026
A8: Nome Completo | C8: =IFERROR(""&INDEX(Dados!$B:$B,MATCH($B$4,Dados!$B$2:$B$103,0)+1),"") -> João Manuel dos Santos
A9: Filho de | C9: =IFERROR(""&INDEX(Dados!$C:$C,MATCH($B$4,Dados!$B$2:$B$103,0)+1),"") -> Manuel Santos
A10: E de | C10: =IFERROR(""&INDEX(Dados!$D:$D,MATCH($B$4,Dados!$B$2:$B$103,0)+1),"") -> Ana Santos
A11: B.I. Nº | C11: =IFERROR(""&INDEX(Dados!$E:$E,MATCH($B$4,Dados!$B$2:$B$103,0)+1),"") -> 003456789LA042
A12: Morada | C12: =IFERROR(""&INDEX(Dados!$G:$G,MATCH($B$4,Dados!$B$2:$B$103,0)+1),"") -> Rua 1, Cimangola
A13: Província | C13: =IFERROR(""&INDEX(Dados!$H:$H,MATCH($B$4,Dados!$B$2:$B$103,0)+1),"") -> Luanda
A14: Município | C14: =IFERROR(""&INDEX(Dados!$I:$I,MATCH($B$4,Dados!$B$2:$B$103,0)+1),"") -> Ngola Kiluange
A15: Estado Civil | C15: =IFERROR(""&INDEX(Dados!$J:$J,MATCH($B$4,Dados!$B$2:$B$103,0)+1),"") -> Solteiro
A16: Telefone | C16: =IFERROR(""&INDEX(Dados!$K:$K,MATCH($B$4,Dados!$B$2:$B$103,0)+1),"") -> 923000001
A17: WhatsApp | C17: =IFERROR(""&INDEX(Dados!$L:$L,MATCH($B$4,Dados!$B$2:$B$103,0)+1),"") -> 923000001
A18: Contacto Encarregado | C18: =IFERROR(""&INDEX(Dados!$M:$M,MATCH($B$4,Dados!$B$2:$B$103,0)+1),"") -> 923000002
A19: Data de Nascimento | C19: =IFERROR(""&INDEX(Dados!$N:$N,MATCH($B$4,Dados!$B$2:$B$103,0)+1),"") -> 2012-05-14
A20: Idade | C20: =IFERROR(""&INDEX(Dados!$O:$O,MATCH($B$4,Dados!$B$2:$B$103,0)+1),"") -> 14
A22: 2. HABILITAÇÕES
A23: Habilitação Literária | C23: =IFERROR(""&INDEX(Dados!$P:$P,MATCH($B$4,Dados!$B$2:$B$103,0)+1),"") -> 8ª Classe
A24: Profissão | C24: =IFERROR(""&INDEX(Dados!$Q:$Q,MATCH($B$4,Dados!$B$2:$B$103,0)+1),"") -> Estudante
A25: Escola/Local de Trabalho | C25: =IFERROR(""&INDEX(Dados!$R:$R,MATCH($B$4,Dados!$B$2:$B$103,0)+1),"") -> Escola nº 123
A26: Outras Habilidades | C26: =IFERROR(""&INDEX(Dados!$S:$S,MATCH($B$4,Dados!$B$2:$B$103,0)+1),"") -> Futebol
A28: 3. DADOS ESCUTISTA E SAÚDE
A29: Data/Local de Investidura | C29: =IFERROR(""&INDEX(Dados!$T:$T,MATCH($B$4,Dados!$B$2:$B$103,0)+1),"") -> 12/2024 - Luanda
A30: Secção | C30: =IFERROR(""&INDEX(Dados!$U:$U,MATCH($B$4,Dados!$B$2:$B$103,0)+1),"") -> Exploradores
A31: Bando | C31: =IFERROR(""&INDEX(Dados!$V:$V,MATCH($B$4,Dados!$B$2:$B$103,0)+1),"") -> Águia
A32: Patrulha | C32: =IFERROR(""&INDEX(Dados!$W:$W,MATCH($B$4,Dados!$B$2:$B$103,0)+1),"") -> Falcão
A33: Equipe | C33: =IFERROR(""&INDEX(Dados!$X:$X,MATCH($B$4,Dados!$B$2:$B$103,0)+1),"")
A34: Cargo | C34: =IFERROR(""&INDEX(Dados!$Y:$Y,MATCH($B$4,Dados!$B$2:$B$103,0)+1),"") -> Guia de Patrulha
A35: Baptizado | C35: =IFERROR(""&INDEX(Dados!$Z:$Z,MATCH($B$4,Dados!$B$2:$B$103,0)+1),"") -> Sim
A36: Doença | C36: =IFERROR(""&INDEX(Dados!$AB:$AB,MATCH($B$4,Dados!$B$2:$B$103,0)+1),"") -> Não
A37: Doença - Qual | C37: =IFERROR(""&INDEX(Dados!$AC:$AC,MATCH($B$4,Dados!$B$2:$B$103,0)+1),"")
A38: Alergia | C38: =IFERROR(""&INDEX(Dados!$AD:$AD,MATCH($B$4,Dados!$B$2:$B$103,0)+1),"") -> Não
A39: Alergia - Qual | C39: =IFERROR(""&INDEX(Dados!$AE:$AE,MATCH($B$4,Dados!$B$2:$B$103,0)+1),"")
A40: Deficiência | C40: =IFERROR(""&INDEX(Dados!$AF:$AF,MATCH($B$4,Dados!$B$2:$B$103,0)+1),"") -> Não
A41: Deficiência - Qual | C41: =IFERROR(""&INDEX(Dados!$AG:$AG,MATCH($B$4,Dados!$B$2:$B$103,0)+1),"")
A43: Escolha um nome na lista suspensa acima para ver todos os dados desse escuteiro.
